ID,ADDRESS,LATITUDE,LONGITUDE,geometry
550,McLean Metro,38.924002,-77.208127,"c(-77.2081293496828, 38.9240097850969)"
551,Trinidad Rec Center,38.906299,-76.983221,"c(-76.983223279, 38.9063067901138)"
552,Rosedale Rec Center,38.897808,-76.979634,"c(-76.9796362771458, 38.8978157882255)"
553,11th & C St SE,38.885908,-76.991476,"c(-76.9914782802471, 38.885915785567)"
554,New Hampshire & Gallatin St NW,38.951596,-77.012808,"c(-77.012810290596, 38.9516037980159)"
555,United Medical Center,38.835737,-76.983144,"c(-76.9831462746571, 38.8357447756218)"
556,18th & New Hampshire Ave NW,38.911268,-77.041829,"c(-77.0418312975698, 38.9112757890906)"
560,Dunn Loring Metro,38.8828,-77.2283,"c(-77.2283023532222, 38.8828077762693)"
561,Oglethorpe St & 42nd Ave,38.959361,-76.946361,"c(-76.9463632705285, 38.9593688018517)"
562,Southern Ave Metro,38.840107,-76.9753,"c(-76.9753022725254, 38.840114777028)"
563,Queens Chapel & Hamilton St,38.9546,-76.9595,"c(-76.9595022740848, 38.9546078009533)"
564,Northwestern High School,38.975505,-76.952199,"c(-76.952201273607, 38.9755128049731)"
565,New Hampshire Ave & East-West Hwy,38.974205,-76.995227,"c(-76.9952292868776, 38.974212803527)"
566,Rhode Island Ave & 39th St / Brentwood Arts Exchange,38.939271,-76.955047,"c(-76.9550492716172, 38.9392787976935)"
567,Riggs Rd & East West Hwy,38.9725,-76.9807,"c(-76.9807022819147, 38.972507803304)"
568,Tanger Outlets,38.7968,-77.0026,"c(-77.0026022779129, 38.7968077671956)"
569,Chillum Rd & Riggs Rd / Riggs Plaza,38.961737,-76.995922,"c(-76.995924286252, 38.9617448009912)"
570,Hyattsville Library / Adelphi Rd & Toledo Rd,38.9698,-76.9493,"c(-76.9493022721489, 38.9698078043433)"
571,George Mason High School / Haycock Rd & Leesburg Pike,38.895172,-77.190275,"c(-77.1902773425219, 38.8951797799137)"
572,State Theatre / Park Pl & N Washington St,38.882746,-77.170032,"c(-77.1700343356678, 38.8827537785454)"
573,N Oak St & W Broad St,38.88837,-77.179832,"c(-77.1798343387953, 38.8883777790224)"
574,Pennsylvania Ave & Park Ave,38.887403,-77.176992,"c(-77.1769943381119, 38.8874107788234)"
575,E Fairfax St & S Washington St,38.880612,-77.171891,"c(-77.1718933354973, 38.8806197778447)"
576,N Roosevelt St & Roosevelt Blvd,38.878085,-77.153953,"c(-77.1539553302907, 38.8780927777357)"
577,W Broad St & Little Falls St,38.883601,-77.173438,"c(-77.1734403363993, 38.8836087783047)"
578,S Maple Ave & S Washington St,38.87972,-77.178408,"c(-77.1784103380652, 38.879727777505)"
579,Falls Church City Hall / Park Ave & Little Falls St,38.885434,-77.173605,"c(-77.1736073364368, 38.885441778688)"
580,W Columbia St & N Washington St,38.885621,-77.166917,"c(-77.1669193343616, 38.8856287791005)"
581,West Falls Church Metro,38.9001,-77.1887,"c(-77.1887023424802, 38.9001077809784)"
582,Jones Branch Drive & Scotts Crossing Rd,38.928502,-77.215624,"c(-77.2156263526986, 38.928509785844)"
583,Georgia Ave & Morton St NW,38.932128,-77.0235,"c(-77.0235022927205, 38.9321357939643)"
584,Merrilee Dr & Lauren Elizabeth Lane,38.879355,-77.230681,"c(-77.2306833542374, 38.8793627751897)"
585,Merrifield Cinema & Merrifield Town Center,38.870093,-77.22997,"c(-77.2299723530882, 38.870100773525)"
586,Rhode Island & Montana Ave NE,38.9243,-76.9859,"c(-76.9859022802745, 38.9243077934045)"
587,7th & S St NW,38.914204,-77.022175,"c(-77.0221772915286, 38.9142117901603)"
588,North Capitol & R St NE,38.912524,-77.008798,"c(-77.0088002873862, 38.9125317901211)"
589,17th & Upshur St NW,38.942146,-77.038684,"c(-77.0386862982036, 38.9421537950143)"
591,14th & Otis Pl NW,38.934405,-77.032687,"c(-77.0326892959067, 38.9344127936703)"
592,John McCormack Rd NE,38.938889,-76.997226,"c(-76.9972282848944, 38.9388967962428)"
593,West Hyattsville Metro,38.955349,-76.968084,"c(-76.9680862770828, 38.9553568002617)"
594,Capitol Heights Metro,38.888524,-76.913188,"c(-76.9131902560145, 38.8885317890673)"
595,Prince George's Plaza Metro,38.965742,-76.954803,"c(-76.9548052736968, 38.9657498031965)"
596,Riverdale Park Town Center,38.962119,-76.935578,"c(-76.935580267071, 38.962126802865)"
597,The Mall at Prince Georges,38.968842,-76.954171,"c(-76.9541732731734, 38.9688498038609)"
598,Wheaton Library & Community Rec Center,39.047323,-77.051097,"c(-77.051099308813, 39.0473308159986)"
599,Edgewood Rec Center,38.924144,-77.002098,"c(-77.0021002860176, 38.9241517930913)"
601,8th & K St NE,38.902732,-76.99515,"c(-76.9951522822664, 38.9027397888316)"
602,Kingman Island/The Fields at RFK,38.895955,-76.967845,"c(-76.9678472734263, 38.8959627886896)"
603,Kenilworth Terrace & Hayes St. NE,38.900468,-76.947287,"c(-76.9472892674449, 38.9004757900615)"
604,National Harbor Carousel,38.7859,-77.0167,"c(-77.0167022815121, 38.7859077645366)"
605,Valley Ave & Wheeler Rd SE,38.836646,-76.993589,"c(-76.9935912776832, 38.836653775381)"
606,Ridge Rd Community Center,38.876227,-76.940981,"c(-76.9409832636145, 38.8762347856203)"
607,Fort Stanton Rec Center,38.857369,-76.977688,"c(-76.9776902738419, 38.8573767805328)"
608,Reservoir Rd & 38th St NW,38.912614,-77.074323,"c(-77.0743253072277, 38.9126217880009)"
1,Eads St & 15th St S,38.858971,-77.05323,"c(-77.0532322974529, 38.8589787776493)"
2,18th St & S Eads St,38.85725,-77.05332,"c(-77.0533222978448, 38.8572577773838)"
3,Crystal Dr & 20th St S,38.856425,-77.049232,"c(-77.0492342963537, 38.8564327776458)"
4,Crystal Dr & 15th St S,38.86017,-77.049593,"c(-77.0495952966572, 38.8601777785112)"
5,Aurora Hills Cmty Ctr / 18th St & S Hayes St,38.857866,-77.05949,"c(-77.05949229937, 38.8578737772667)"
6,Pentagon City Metro / 12th St & S Hayes St,38.862303,-77.059936,"c(-77.0599383000459, 38.8623107780975)"
7,Army Navy Dr & S Joyce St,38.8637,-77.0633,"c(-77.0633023008229, 38.8637077784024)"
8,Crystal City Metro / 18th St & S Bell St,38.857405,-77.051132,"c(-77.0511342970192, 38.8574127778008)"
10,Crystal Dr & 27th St S,38.848466,-77.051514,"c(-77.0515162964584, 38.8484737761189)"
11,S Glebe Rd & Potomac Ave,38.8426,-77.0502,"c(-77.0502022956446, 38.8426077747419)"
12,Crystal Dr & 23rd St S,38.8533,-77.0498,"c(-77.0498022959608, 38.8533077769744)"
13,Clark St & 26th St S,38.850688,-77.05152,"c(-77.0515222964889, 38.8506957760346)"
14,19th St & Pennsylvania Ave NW,38.9003,-77.0429,"c(-77.0429022968054, 38.9003077863626)"
15,14th & V St NW,38.917931,-77.032112,"c(-77.0321142946949, 38.9179387906271)"
16,11th & Kenyon St NW,38.929464,-77.027822,"c(-77.0278242939666, 38.9294717931676)"
17,16th & Harvard St NW,38.926088,-77.036536,"c(-77.0365382962529, 38.9260957919562)"
18,Adams Mill & Columbia Rd NW,38.922925,-77.042581,"c(-77.0425832979684, 38.9229327910592)"
19,14th & Harvard St NW,38.9268,-77.0322,"c(-77.0322022950548, 38.9268077925001)"
20,Calvert & Biltmore St NW,38.923203,-77.047637,"c(-77.0476392995517, 38.9232107909125)"
21,Lamont & Mt Pleasant NW,38.9319,-77.0388,"c(-77.0388022974355, 38.9319077933232)"
22,4th & M St SW,38.8767,-77.0178,"c(-77.0178022878265, 38.8767077828526)"
23,15th & P St NW,38.90985,-77.034438,"c(-77.0344402945407, 38.9098577889864)"
24,14th & R St NW,38.912681,-77.032523,"c(-77.0325252942802, 38.9126887894167)"
25,14th & Rhode Island Ave NW,38.9086,-77.0323,"c(-77.0323022942638, 38.908607788469)"
26,20th & E St NW,38.8963,-77.045,"c(-77.0450022976647, 38.8963077859284)"
27,21st & I St NW,38.900711,-77.046449,"c(-77.0464512980226, 38.900718786774)"
28,Georgia & New Hampshire Ave NW,38.936043,-77.024649,"c(-77.0246512937707, 38.9360507947604)"
29,14th St & Spring Rd NW,38.9375,-77.0328,"c(-77.0328022960406, 38.9375077946831)"
30,John McCormack Dr & Michigan Ave NE,38.9346,-76.9955,"c(-76.9955022841888, 38.9346077951007)"
31,5th & K St NW,38.90304,-77.019027,"c(-77.019029289904, 38.903047788063)"
32,19th & East Capitol St SE,38.8896,-76.9769,"c(-76.9769022758638, 38.8896077869675)"
33,Park Rd & Holmead Pl NW,38.9308,-77.0315,"c(-77.0315022948809, 38.9308077931582)"
34,Good Hope & Naylor Rd SE,38.860227,-76.966572,"c(-76.9665742707637, 38.8602347815447)"
35,Connecticut Ave & Newark St NW / Cleveland Park,38.934267,-77.057979,"c(-77.057981303652, 38.934274792634)"
36,Randle Circle & Minnesota Ave SE,38.878,-76.9607,"c(-76.960702270143, 38.8780077854382)"
37,Minnesota Ave Metro/DOES,38.897063,-76.947446,"c(-76.9474482670777, 38.897070789709)"
182,GMU / Fairfax Dr & Kenmore St,38.884616,-77.10108,"c(-77.1010823144161, 38.8846237813531)"
183,Gallaudet / 8th St & Florida Ave NE,38.90509,-76.9941,"c(-76.9941022816752, 38.9050977892551)"
185,20th & L St NW,38.903584,-77.044789,"c(-77.0447912979683, 38.9035917871223)"
186,12th & L St NW,38.903819,-77.0284,"c(-77.0284022924132, 38.9038267879968)"
187,21st St & Pennsylvania Ave NW,38.901539,-77.046564,"c(-77.0465662981337, 38.9015467865923)"
188,19th & K St NW,38.902204,-77.04337,"c(-77.0433722974854, 38.9022117868409)"
189,Prince St & Union St,38.803124,-77.040363,"c(-77.0403652901142, 38.8031317671507)"
190,Market Square / King St & Royal St,38.804718,-77.043363,"c(-77.0433652913336, 38.8047257671559)"
191,Saint Asaph St & Pendleton  St,38.810743,-77.044664,"c(-77.0446662918969, 38.8107507687549)"
192,King St & Patrick St,38.805317,-77.049883,"c(-77.0498852931865, 38.8053247671568)"
193,15th & K St NW,38.902,-77.03353,"c(-77.0335322942701, 38.9020077873359)"
194,Commerce St & Fayette St,38.805648,-77.05293,"c(-77.0529322945784, 38.8056557672413)"
195,Henry St & Pendleton St,38.811456,-77.050276,"c(-77.0502782941505, 38.8114637681766)"
196,Braddock Rd Metro,38.814577,-77.052808,"c(-77.0528102949821, 38.8145847687293)"
197,King St Metro South,38.805763,-77.060627,"c(-77.0606292968174, 38.8057707666395)"
198,24th & N St NW,38.9066,-77.05152,"c(-77.0515222999598, 38.9066077877649)"
199,10th & E St NW,38.895914,-77.026064,"c(-77.0260662914142, 38.8959217865244)"
200,22nd & I St NW / Foggy Bottom,38.90088,-77.048911,"c(-77.0489132988203, 38.9008877865112)"
201,Utah St & 11th St N,38.883669,-77.113905,"c(-77.1139073182905, 38.8836767804302)"
202,Barton St & 10th St N,38.884961,-77.08777,"c(-77.0877723099657, 38.8849687816217)"
203,Arlington Blvd & N Queen St,38.889365,-77.077294,"c(-77.0772963069051, 38.8893727831944)"
204,Lincoln Memorial,38.888251,-77.049426,"c(-77.0494282981393, 38.8882587838255)"
206,20th St & Virginia Ave NW,38.894722,-77.045128,"c(-77.0451302975059, 38.894729785661)"
207,5th St & Massachusetts Ave NW,38.90093,-77.018677,"c(-77.0186792890832, 38.9009377877554)"
208,39th & Veazey St NW,38.943837,-77.077078,"c(-77.0770803104091, 38.9438447943544)"
209,Fessenden St & Wisconsin Ave NW,38.954812,-77.082426,"c(-77.0824283126706, 38.9548197960161)"
210,3rd & M St NE,38.90547,-77.00213,"c(-77.0021322843742, 38.9054777894456)"
211,Columbia Pike & S Courthouse Rd,38.863833,-77.080319,"c(-77.0803213061551, 38.8638407780837)"
212,Walter Reed Dr & 16th St S,38.857803,-77.086733,"c(-77.0867353081336, 38.857810776474)"
213,28th St & S Meade St,38.846222,-77.069275,"c(-77.0692773020915, 38.8462297748457)"
214,18th St & Wyoming Ave NW,38.918809,-77.041571,"c(-77.0415732974876, 38.9188167901769)"
215,5th & Kennedy St NW,38.956556,-77.019814,"c(-77.0198162931676, 38.9565637985802)"
216,Georgia Ave & Emerson St NW,38.949662,-77.027333,"c(-77.027335295014, 38.9496697973157)"
217,14th & Upshur St NW,38.942475,-77.032678,"c(-77.0326802963644, 38.942482795549)"
218,14th St & Colorado Ave NW,38.956432,-77.032947,"c(-77.0329492970035, 38.9564397981107)"
219,Troy St & 26th St S,38.847977,-77.075104,"c(-77.075106303463, 38.8479847748937)"
220,Four Mile Run Dr & S Shirlington Rd,38.8444,-77.085931,"c(-77.0859333070928, 38.8444077737922)"
221,Columbia Pike & S Oakland St,38.860789,-77.09586,"c(-77.0958623112822, 38.8607967769023)"
222,Four Mile Run Dr & S Walter Reed Dr,38.84736,-77.095431,"c(-77.0954333103837, 38.8473677742145)"
223,S Arlington Mill Dr & Campbell Ave,38.84232,-77.089555,"c(-77.0895573078178, 38.8423277733202)"
224,Kenmore St & 24th St S,38.848454,-77.084918,"c(-77.0849203067738, 38.8484617745153)"
225,13th St & Eastern Ave,38.987,-77.029417,"c(-77.0294192977998, 38.9870078043389)"
226,Wisconsin Ave & O St NW,38.90849,-77.063586,"c(-77.0635883041223, 38.9084977877015)"
227,Roosevelt Island,38.896553,-77.06714,"c(-77.0671423045085, 38.8965607849005)"
228,Connecticut & Nebraska Ave NW,38.955016,-77.069956,"c(-77.0699583088133, 38.9550237964976)"
229,17th St & Massachusetts Ave NW,38.908142,-77.038359,"c(-77.0383612956958, 38.9081497886087)"
230,15th & Euclid St  NW,38.92333,-77.0352,"c(-77.035202296202, 38.9233377913243)"
231,8th & East Capitol St NE,38.889988,-76.995193,"c(-76.9951952810712, 38.8899957862288)"
232,New Jersey Ave & R St NW,38.912659,-77.017669,"c(-77.0176712901252, 38.9126667901864)"
233,15th & East Capitol St NE,38.889908,-76.983326,"c(-76.9833282777644, 38.8899157866186)"
234,8th & F St NE,38.897274,-76.994749,"c(-76.9947512817612, 38.8972817878697)"
235,18th St & Rhode Island Ave NE,38.927095,-76.978924,"c(-76.9789262788058, 38.9271027945511)"
236,15th & F St NE,38.897195,-76.983575,"c(-76.9835772781896, 38.8972027881529)"
237,12th & Irving St NE,38.928644,-76.990955,"c(-76.9909572826548, 38.9286517944157)"
239,Alabama & MLK Ave SE,38.84323,-76.999376,"c(-76.9993782798622, 38.8432377768791)"
240,Pleasant St & MLK Ave SE,38.863897,-76.990037,"c(-76.9900392783959, 38.8639047810603)"
241,Neal St & Trinidad Ave NE,38.903732,-76.987211,"c(-76.98721327971, 38.9037397894728)"
242,12th & U St NW,38.916787,-77.028139,"c(-77.0281412936146, 38.9167947906925)"
243,S George Mason & Four Mile Run Dr,38.852248,-77.105022,"c(-77.105024313251, 38.8522557748952)"
244,Gravelly Point,38.865029,-77.039511,"c(-77.0395132936807, 38.8650367795226)"
245,Pershing Dr & Wayne St,38.880705,-77.08596,"c(-77.0859623090303, 38.880712781102)"
246,Columbia Pike & S Orme St,38.867262,-77.072315,"c(-77.0723173039258, 38.867269778632)"
247,3rd St & Pennsylvania Ave SE,38.887378,-77.001955,"c(-77.0019572832402, 38.8873857854851)"
248,8th & D St NW,38.894851,-77.02324,"c(-77.023242290106, 38.8948587865297)"
249,3rd & Elm St NW,38.917622,-77.01597,"c(-77.0159722897604, 38.9176297911222)"
250,Rhode Island Ave & V St NE,38.918155,-77.004746,"c(-77.0047482863492, 38.918162791453)"
251,Constitution Ave & 2nd St NW/DOL,38.892275,-77.013917,"c(-77.0139192870522, 38.892282786149)"
252,Washington & Independence Ave SW/HHS,38.886978,-77.013769,"c(-77.0137712871795, 38.886985785137)"
253,Independence Ave & L'Enfant Plaza SW/DOE,38.887312,-77.025762,"c(-77.0257642906252, 38.8873197847198)"
254,Hamlin & 7th St NE,38.927497,-76.997194,"c(-76.9971962846107, 38.9275047936303)"
255,Columbia Pike & S Walter Reed Dr,38.862478,-77.086599,"c(-77.0866013080694, 38.8624857774637)"
256,Arlington Mill Cmty Center / Columbia Pike & S Dinwiddie St,38.856319,-77.11153,"c(-77.1115323152591, 38.8563267753162)"
257,Pershing Dr & N George Mason Dr,38.871822,-77.107906,"c(-77.107908315768, 38.871829778273)"
258,Fenton St & New York Ave,38.985404,-77.023082,"c(-77.023084296252, 38.9854118046436)"
259,Bethesda Ave & Arlington Rd,38.981103,-77.097426,"c(-77.0974283185714, 38.9811108007185)"
260,Montgomery Ave & Waverly St,38.983838,-77.09221,"c(-77.0922123172666, 38.9838458017742)"
261,Fallsgrove Blvd & Fallsgrove Dr,39.096312,-77.192672,"c(-77.1926743557834, 39.096319820296)"
262,Traville Gateway Dr & Gudelsky Dr,39.093783,-77.202501,"c(-77.2025033585416, 39.0937908195606)"
38,Nannie Helen Burroughs & Minnesota Ave NE,38.901385,-76.941877,"c(-76.9418792653053, 38.9013927906203)"
39,Anacostia Metro,38.862669,-76.994637,"c(-76.994639279434, 38.8626767810857)"
40,Good Hope Rd & MLK Ave SE,38.867373,-76.988039,"c(-76.9880412775375, 38.8673807818185)"
41,19th & E Street NW,38.8952,-77.0436,"c(-77.043602297165, 38.8952077853896)"
42,4th & W St NE,38.919077,-77.000648,"c(-77.0006502849956, 38.9190847919003)"
43,10th & U St NW,38.9172,-77.0259,"c(-77.0259022928758, 38.9172077904866)"
44,Georgia Ave and Fairmont St NW,38.9249,-77.0222,"c(-77.0222022916719, 38.9249077921202)"
45,1st & N St  SE,38.8743,-77.0057,"c(-77.00570228404, 38.8743077826777)"
46,20th St & Florida Ave NW,38.9154,-77.0446,"c(-77.044602298309, 38.91540778977)"
47,7th & T St NW,38.9155,-77.0222,"c(-77.0222022917194, 38.915507790543)"
48,Eads St & 22nd St S,38.854381,-77.053412,"c(-77.0534142970537, 38.8543887771366)"
49,M St & New Jersey Ave SE,38.8763,-77.0037,"c(-77.0037022833155, 38.876307783066)"
51,Massachusetts Ave & Dupont Circle NW,38.9101,-77.0444,"c(-77.0444022978959, 38.9101077885139)"
52,1st & M St NE,38.9057,-77.0056,"c(-77.0056022854627, 38.9057077889151)"
53,21st & M St NW,38.90534,-77.046774,"c(-77.046776298448, 38.9053477874733)"
54,17th & K St NW,38.90276,-77.03863,"c(-77.0386322958015, 38.9027677870676)"
55,3rd & H St NW,38.899408,-77.015289,"c(-77.0152912881446, 38.8994157875862)"
56,3rd & D St SE,38.8851,-77.0023,"c(-77.0023022833561, 38.8851077850961)"
57,Potomac & Pennsylvania Ave SE,38.8803,-76.9862,"c(-76.9862022777606, 38.8803077845853)"
58,13th & E St SE,38.882915,-76.987907,"c(-76.9879092784909, 38.8829227849356)"
59,17th & Corcoran St NW,38.9121,-77.0387,"c(-77.0387022965752, 38.9121077890641)"
60,Van Ness Metro / UDC,38.944551,-77.063896,"c(-77.0638983064668, 38.9445587944775)"
61,Florida Ave & R St NW,38.9126,-77.0135,"c(-77.0135022883626, 38.9126077900072)"
62,8th & Eye St SE / Barracks Row,38.8792,-76.9953,"c(-76.9953022805607, 38.8792077841483)"
63,Ward Circle / American University,38.938736,-77.087171,"c(-77.0871733127844, 38.9387437925592)"
64,Wisconsin Ave & Newark St NW,38.934881,-77.072755,"c(-77.0727573084191, 38.9348887923387)"
65,14th St Heights / 14th & Crittenden St NW,38.947774,-77.032818,"c(-77.0328202967079, 38.9477817967987)"
66,Anacostia Library,38.865784,-76.9784,"c(-76.9784022745391, 38.8657917818911)"
67,Pennsylvania & Minnesota Ave SE,38.873057,-76.971015,"c(-76.9710172729979, 38.8730647839752)"
68,Eastern Market / 7th & North Carolina Ave SE,38.886952,-76.996806,"c(-76.9968082819665, 38.8869597858225)"
69,14th St & New York Ave NW,38.899632,-77.031686,"c(-77.0316882937096, 38.899639787049)"
70,Benning Branch Library,38.894,-76.947974,"c(-76.9479762672242, 38.894007788732)"
71,USDA / 12th & C St SW,38.886277,-77.028242,"c(-77.0282442918188, 38.8862847844616)"
72,Georgetown Harbor / 30th St NW,38.902221,-77.059219,"c(-77.0592213020784, 38.9022287864137)"
73,12th & Newton St NE,38.933668,-76.991016,"c(-76.9910182828447, 38.9336757953868)"
74,US Dept of State / Virginia Ave & 21st St NW,38.894919,-77.046587,"c(-77.0465892974066, 38.8949267855466)"
75,L'Enfant Plaza / 7th & C St SW,38.886266,-77.022241,"c(-77.0222432892909, 38.8862737845366)"
76,10th St & Constitution Ave NW,38.893028,-77.026013,"c(-77.0260152915106, 38.8930357859869)"
77,Kennedy Center,38.897293,-77.05557,"c(-77.0555723006792, 38.8973007855807)"
78,Eastern Market Metro / Pennsylvania Ave & 7th St SE,38.884,-76.995397,"c(-76.9953992811682, 38.8840077850572)"
79,18th & M St NW,38.905067,-77.041779,"c(-77.041781296861, 38.9050747873688)"
80,Tenleytown / Wisconsin Ave & Albemarle St NW,38.947607,-77.079382,"c(-77.0793843114655, 38.947614794703)"
81,13th & H St NE,38.900022,-76.988422,"c(-76.9884242802596, 38.9000297888469)"
82,5th & F St NW,38.897222,-77.019347,"c(-77.0193492891742, 38.8972297867995)"
83,New York Ave & 15th St NW,38.899032,-77.033354,"c(-77.0333562938877, 38.8990397869014)"
84,Convention Center / 7th & M St NW,38.905737,-77.02227,"c(-77.0222722909775, 38.9057447887285)"
85,Harvard St & Adams Mill Rd NW,38.927872,-77.043358,"c(-77.0433602986452, 38.9278797921607)"
86,18th & L St NW,38.903741,-77.042452,"c(-77.0424542972019, 38.9037487875177)"
87,C & O Canal & Wisconsin Ave NW,38.90375,-77.06269,"c(-77.0626923030577, 38.9037577863324)"
88,Maine Ave & 7th St SW,38.878694,-77.023054,"c(-77.0230562892544, 38.8787017830753)"
89,D St & Maryland Ave NE,38.894758,-76.997114,"c(-76.9971162823466, 38.8947657871636)"
90,34th St & Wisconsin Ave NW,38.916442,-77.0682,"c(-77.068202305609, 38.916449788801)"
91,13th St & New York Ave NW,38.900283,-77.029822,"c(-77.0298242931299, 38.9002907873211)"
92,8th & H St NW,38.8997,-77.023086,"c(-77.0230882905764, 38.8997077873965)"
93,10th & Monroe St NE,38.932514,-76.992889,"c(-76.9928912829599, 38.9325217948271)"
94,Eckington Pl & Q St NE,38.910972,-77.00495,"c(-77.0049522854699, 38.9109797899431)"
95,6th & H St NE,38.899972,-76.998347,"c(-76.9983492827579, 38.8999797882724)"
96,3rd & H St NE,38.900412,-77.001949,"c(-77.0019512841308, 38.9004197879095)"
97,Bladensburg Rd & Benning Rd NE,38.900413,-76.982872,"c(-76.9828742781341, 38.9004207889874)"
98,4th & East Capitol St NE,38.889955,-77.000349,"c(-77.0003512830709, 38.8899627859636)"
99,Lincoln Park / 13th & East Capitol St NE,38.890461,-76.988355,"c(-76.9883572793705, 38.8904687868575)"
100,Branch & Pennsylvania Ave SE,38.8692,-76.9599,"c(-76.9599022689749, 38.8692077836351)"
101,13th & D St NE,38.894832,-76.987633,"c(-76.9876352796916, 38.8948397876649)"
102,New Hampshire Ave & T St NW,38.91554,-77.03818,"c(-77.0381822965092, 38.9155477897107)"
103,Metro Center / 12th & G St NW,38.898364,-77.027869,"c(-77.0278712923081, 38.8983717870285)"
104,14th & D St NW / Ronald Reagan Building,38.894514,-77.031617,"c(-77.031619292939, 38.8945217856358)"
105,7th & F St NW / National Portrait Gallery,38.897283,-77.022191,"c(-77.0221932899934, 38.8972907868038)"
106,17th & K St NW / Farragut Square,38.902061,-77.038322,"c(-77.0383242956722, 38.9020687870741)"
107,20th & O St NW / Dupont South,38.908905,-77.04478,"c(-77.0447822978649, 38.9089127883022)"
108,4th & D St NW / Judiciary Square,38.895344,-77.016106,"c(-77.016108288371, 38.8953517865952)"
109,19th St & Constitution Ave NW,38.8923,-77.0436,"c(-77.043602296959, 38.8923077851528)"
110,37th & O St NW / Georgetown University,38.90774,-77.071652,"c(-77.0716543063562, 38.9077477869793)"
111,11th & H St NE,38.899983,-76.991383,"c(-76.9913852808165, 38.899990788484)"
112,25th St & Pennsylvania Ave NW,38.903827,-77.053485,"c(-77.053487300433, 38.9038347871712)"
113,Columbus Circle / Union Station,38.89696,-77.00493,"c(-77.004932285147, 38.8969677873303)"
114,North Capitol St & F St NW,38.897446,-77.009888,"c(-77.0098902866996, 38.8974537870179)"
115,11th & M St NW,38.905607,-77.027137,"c(-77.0271392922204, 38.905614788016)"
116,36th & Calvert St NW / Glover Park,38.922581,-77.070334,"c(-77.0703363065346, 38.9225887901511)"
117,14th & G St NW,38.898409,-77.032278,"c(-77.0322802937269, 38.8984167864908)"
118,Potomac Ave & 35th St S,38.844015,-77.050537,"c(-77.0505392959039, 38.8440227749685)"
124,Ohio Dr & West Basin Dr SW / MLK & FDR Memorials,38.88412,-77.04657,"c(-77.0465722969692, 38.8841277833232)"
125,11th & F St NW,38.897857,-77.026975,"c(-77.0269772916759, 38.8978647866261)"
126,23rd & E St NW,38.896104,-77.049882,"c(-77.0498842988042, 38.8961117853907)"
127,Lynn St & 19th St North,38.897315,-77.070993,"c(-77.0709953056615, 38.8973227851248)"
128,Rosslyn Metro / Wilson Blvd & Ft Myer Dr,38.8946,-77.072305,"c(-77.0723073054759, 38.8946077845224)"
129,Clarendon Blvd & Pierce St,38.893438,-77.076389,"c(-77.0763913071769, 38.8934457838451)"
130,Wilson Blvd & N Uhle St,38.891696,-77.0846,"c(-77.0846023095054, 38.8917037834634)"
131,Rhodes St & 16th St N,38.892164,-77.079375,"c(-77.0793773079699, 38.892171783851)"
132,Fairfax Village,38.86559,-76.952103,"c(-76.9521052661967, 38.8655977830941)"
133,21st St & Constitution Ave NW,38.892459,-77.046567,"c(-77.0465692974015, 38.8924667851589)"
134,Wilson Blvd & N Edgewood St,38.889,-77.0925,"c(-77.0925023113116, 38.8890077822659)"
135,Columbia Rd & Belmont St NW,38.920669,-77.04368,"c(-77.0436822981597, 38.9206767907881)"
136,Rhode Island & Connecticut Ave NW,38.905996,-77.039802,"c(-77.0398042964231, 38.906003787815)"
137,Thomas Circle,38.9059,-77.0325,"c(-77.032502294039, 38.9059077883363)"
138,Wilson Blvd & N Franklin Rd,38.8904,-77.0889,"c(-77.0889023103643, 38.8904077827781)"
139,Clarendon Blvd & N Fillmore St,38.8881,-77.09308,"c(-77.0930823116812, 38.8881077820644)"
140,Clarendon Metro / Wilson Blvd & N Highland St,38.88786,-77.094875,"c(-77.0948773121642, 38.8878677822576)"
141,18th St & Pennsylvania Ave NW,38.89968,-77.041539,"c(-77.0415412964688, 38.8996877862889)"
142,4th & C St SW,38.886372,-77.017701,"c(-77.0177032884793, 38.8863797845036)"
143,4th & E St SW,38.88412,-77.017445,"c(-77.0174472878186, 38.8841277844699)"
144,3rd & G St SE,38.881185,-77.001828,"c(-77.0018302831558, 38.8811927844592)"
145,7th & R St NW / Shaw Library,38.912719,-77.022155,"c(-77.0221572909953, 38.9127267901724)"
146,9th & Upshur St NW,38.9418,-77.0251,"c(-77.0251022935577, 38.94180779585)"
147,1st & Rhode Island Ave NW,38.915417,-77.012289,"c(-77.0122912879919, 38.9154247908517)"
148,Columbia Rd & Georgia Ave NW,38.928121,-77.023795,"c(-77.0237972927698, 38.9281287931735)"
149,California St & Florida Ave NW,38.917761,-77.04062,"c(-77.040622297302, 38.917768790249)"
150,Benning Rd & East Capitol St NE / Benning Rd Metro,38.889935,-76.93723,"c(-76.9372322636511, 38.8899427882048)"
151,3000 Connecticut Ave NW / National Zoo,38.930282,-77.055599,"c(-77.0556013027983, 38.9302897923157)"
152,Anacostia Ave & Benning Rd NE / River Terrace,38.896544,-76.96012,"c(-76.9601222709041, 38.8965517890274)"
153,M St & Pennsylvania Ave NW,38.905126,-77.056887,"c(-77.0568893014773, 38.9051337871933)"
154,15th St & Massachusetts Ave SE,38.88732,-76.983569,"c(-76.9835712773142, 38.8873277864975)"
155,Congress Heights Metro,38.844711,-76.987823,"c(-76.9878252760275, 38.8447187776644)"
156,N Quincy St & Glebe Rd,38.876393,-77.107735,"c(-77.1077373153405, 38.8764007795613)"
157,Barcroft Community Center,38.850337,-77.100989,"c(-77.1009913116278, 38.8503447744948)"
158,N Veitch St & 20th St N,38.896923,-77.086502,"c(-77.0865043101358, 38.8969307844605)"
159,10th & K St NW,38.9024,-77.02622,"c(-77.0262222916427, 38.902407787454)"
160,Fairfax Dr & Wilson Blvd,38.885801,-77.097745,"c(-77.0977473132004, 38.8858087819331)"
161,Key Blvd & N Quinn St,38.896355,-77.078408,"c(-77.0784103075352, 38.896362784627)"
162,1st & K St SE,38.878854,-77.005727,"c(-77.0057292840238, 38.8788617835106)"
163,39th & Calvert St NW / Stoddert,38.922649,-77.077271,"c(-77.0772733087407, 38.9226567896802)"
164,1st & Washington Hospital Center NW,38.928743,-77.012457,"c(-77.012459289341, 38.9287507935789)"
165,Virginia Square Metro / Monroe St & 9th St N,38.882788,-77.103148,"c(-77.1031503144244, 38.8827957807937)"
166,Central Library / Quincy St & 10th St N,38.88397,-77.10783,"c(-77.1078323158271, 38.8839777809881)"
167,Washington Blvd & 10th St N,38.884734,-77.093485,"c(-77.0934873116028, 38.8847417817778)"
168,Jefferson Dr & 14th St SW,38.888553,-77.032429,"c(-77.0324312928631, 38.8885607847219)"
169,Smithsonian-National Mall / Jefferson Dr & 12th St SW,38.888767,-77.02858,"c(-77.0285822917444, 38.8887747847339)"
170,George Mason Dr & Wilson Blvd,38.87887,-77.1207,"c(-77.120702320126, 38.8788777791545)"
171,6th St & Indiana Ave NW,38.894573,-77.01994,"c(-77.0199422895448, 38.8945807862911)"
172,N Veitch St & Key Blvd,38.893237,-77.086063,"c(-77.0860653096747, 38.8932447837326)"
173,Lee Hwy & N Adams St,38.89593,-77.089006,"c(-77.0890083107874, 38.8959377838857)"
174,15th St & N Scott St,38.89054,-77.08095,"c(-77.0809523080481, 38.8905477834532)"
175,Washington Blvd & 7th St N,38.88081,-77.090792,"c(-77.0907943105315, 38.8808177810117)"
176,Ballston Metro / Stuart St & 9th St N,38.881044,-77.111768,"c(-77.1117703172539, 38.8810517802846)"
177,Fairfax Dr & N Randolph St,38.882629,-77.109366,"c(-77.1093683168011, 38.8826367804633)"
178,Jefferson Memorial,38.879819,-77.037413,"c(-77.0374152939925, 38.8798267827835)"
179,Good Hope Rd & 14th St SE,38.866611,-76.985238,"c(-76.9852402765596, 38.8666187821505)"
180,Glebe Rd & 11th St N,38.883921,-77.116817,"c(-77.1168193189058, 38.8839287802821)"
181,Wilson Blvd & N Quincy St,38.880012,-77.107854,"c(-77.1078563158346, 38.8800197802134)"
263,Norfolk Ave & Fairmont St,38.988562,-77.096539,"c(-77.0965413186927, 38.9885698024143)"
264,E Montgomery Ave & Maryland Ave,39.084125,-77.151291,"c(-77.1512933421245, 39.084132819394)"
265,Cordell & Norfolk Ave,38.98954,-77.098029,"c(-77.0980313193569, 38.9895478023912)"
266,Frederick Ave & Horners Ln,39.094772,-77.145213,"c(-77.1452153410897, 39.0947798219262)"
267,Philadelphia & Maple Ave,38.98128,-77.011336,"c(-77.0113382918454, 38.9812878039506)"
268,Maple & Ritchie Ave,38.983627,-77.006311,"c(-77.0063132906251, 38.9836348048579)"
269,Silver Spring Metro / Colesville Rd & Wayne Ave,38.994896,-77.029532,"c(-77.0295342982684, 38.9949038061608)"
270,Montgomery & East Ln,38.983525,-77.095367,"c(-77.0953693182907, 38.9835328012877)"
271,Friendship Hts Metro / Wisconsin Ave & Wisconsin Cir,38.961763,-77.085998,"c(-77.0860003139051, 38.9617707972386)"
272,14th & Belmont St NW,38.921074,-77.031887,"c(-77.0318892950496, 38.9210817911829)"
273,3rd & Tingey St SE,38.87501,-77.0024,"c(-77.0024022825395, 38.8750177828356)"
274,10th & Florida Ave NW,38.920387,-77.025672,"c(-77.0256742931107, 38.9203947914071)"
275,Potomac Ave & 8th St SE,38.876737,-76.994468,"c(-76.9944702802395, 38.876744783803)"
276,Crabbs Branch Way & Redland Rd,39.120045,-77.156985,"c(-77.1569873460185, 39.1200528267918)"
277,Fallsgrove Dr & W Montgomery Ave,39.099376,-77.188014,"c(-77.1880163544537, 39.0993838209707)"
278,Monroe St & Monroe Pl,39.083673,-77.149162,"c(-77.1491643415722, 39.0836808196584)"
279,Needwood Rd & Eagles Head Ct,39.123513,-77.15741,"c(-77.1574123461927, 39.1235208274058)"
280,East West Hwy & Blair Mill Rd,38.990249,-77.02935,"c(-77.0293522982286, 38.9902568049863)"
281,Crabbs Branch Way & Calhoun Pl,39.107709,-77.152072,"c(-77.1520743437642, 39.1077168244108)"
282,47th & Elm St,38.982456,-77.091991,"c(-77.0919933175321, 38.9824638011869)"
283,Dennis Ave & Amherst Ave,39.025387,-77.044563,"c(-77.0445653052409, 39.0253948115845)"
284,Montgomery College / W Campus Dr & Mannakee St,39.095661,-77.159048,"c(-77.1590503453854, 39.0956688217248)"
285,Fenton St & Gist Ave,38.989724,-77.023854,"c(-77.0238562964659, 38.98973180536)"
286,Carroll & Westmoreland Ave,38.975,-77.01121,"c(-77.0112122918954, 38.9750078029271)"
287,Carroll & Ethan Allen Ave,38.977933,-77.006472,"c(-77.0064742901541, 38.9779408037146)"
288,Battery Ln & Trolley Trail,38.992375,-77.100104,"c(-77.100106320149, 38.9923828032756)"
289,Norfolk & Rugby Ave,38.990639,-77.100239,"c(-77.1002413202777, 38.9906468028816)"
290,Offutt Ln & Chevy Chase Dr,38.977093,-77.094589,"c(-77.0945913179802, 38.9771008002895)"
291,Broschart & Blackwell Rd,39.102099,-77.200322,"c(-77.2003243584806, 39.1021068215169)"
293,Fleet St & Ritchie Pkwy,39.076331,-77.141378,"c(-77.1413803385104, 39.0763388181421)"
294,Piccard & W Gude Dr,39.102212,-77.177091,"c(-77.1770933513342, 39.102219822457)"
295,Silver Spring Transit Center - Top Level,38.994035,-77.030371,"c(-77.0303732989948, 38.9940428058168)"
296,Georgia Ave & Spring St,38.999388,-77.031555,"c(-77.031557299715, 38.9993958069311)"
297,Fenton St & Ellsworth Dr,38.997033,-77.025608,"c(-77.0256102973867, 38.9970408067916)"
298,King Farm Blvd & Pleasant Dr,39.114688,-77.171487,"c(-77.1714893499454, 39.1146958246833)"
299,King Farm Blvd & Piccard Dr,39.110314,-77.182669,"c(-77.1826713532254, 39.1103218234274)"
301,Calvert St & Woodley Pl NW,38.923583,-77.050046,"c(-77.0500483006809, 38.9235907910312)"
302,New Jersey Ave & N St NW/Dunbar HS,38.907333,-77.01536,"c(-77.0153622890254, 38.9073407890138)"
303,Nannie Helen Burroughs Ave & 49th St NE,38.898536,-76.931862,"c(-76.931864262458, 38.8985437902599)"
304,Deanwood Rec Center,38.908473,-76.933099,"c(-76.9331012629166, 38.9084807922065)"
305,Hains Point/Buckeye & Ohio Dr SW,38.878433,-77.03023,"c(-77.0302322919446, 38.8784407828616)"
306,Arlington Blvd & Fillmore St,38.873755,-77.089233,"c(-77.0892353100438, 38.8737627796088)"
307,Eads St & 12th St S,38.862753,-77.05428,"c(-77.0542822981726, 38.8627607783868)"
308,Old Georgetown Rd & Southwick St,38.999634,-77.109647,"c(-77.1096493235739, 38.9996418038979)"
309,Friendship Blvd & Willard Ave,38.96115,-77.088659,"c(-77.0886613148114, 38.9611577974535)"
310,North Capitol St & G Pl NE,38.899703,-77.008911,"c(-77.0089132864899, 38.8997107876177)"
311,31st St & S Woodrow St,38.837666,-77.09482,"c(-77.0948223093493, 38.8376737721336)"
312,Washington Blvd & Walter Reed Dr,38.873219,-77.082104,"c(-77.0821063076948, 38.8732267795312)"
313,TJ Cmty Ctr / 2nd St & S Old Glebe Rd,38.869418,-77.095596,"c(-77.0955983114201, 38.8694257786842)"
314,Connecticut Ave & Tilden St NW,38.941139,-77.061977,"c(-77.0619793051239, 38.9411467941236)"
315,Medical Center Dr & Key West Ave,39.103091,-77.196442,"c(-77.1964443575206, 39.1030988213939)"
316,Shady Grove Hospital,39.097636,-77.196636,"c(-77.1966383570235, 39.0976438203756)"
317,Veterans Pl & Pershing Dr,38.997445,-77.023894,"c(-77.0238962971051, 38.99745280665)"
318,Rockville Metro East,39.085394,-77.145803,"c(-77.145805340339, 39.0854018198911)"
319,1st & H St NW,38.900358,-77.012108,"c(-77.012110287302, 38.9003657877293)"
320,Fort Totten Metro,38.952369,-77.002721,"c(-77.0027232872633, 38.9523767987697)"
321,Takoma Metro,38.975219,-77.016855,"c(-77.0168572932215, 38.9752268029283)"
322,Rhode Island Ave Metro,38.920682,-76.995876,"c(-76.9958782832959, 38.9206897922734)"
323,Rolfe St & 9th St S,38.866471,-77.076131,"c(-77.0761333051278, 38.8664787787408)"
324,Shirlington Transit Center / Quincy St & Randolph St,38.839912,-77.087083,"c(-77.0870853069264, 38.8399197729384)"
325,Shady Grove Metro West,39.119765,-77.166093,"c(-77.1660953490975, 39.1197728261316)"
326,River Rd & Landy Ln,38.964992,-77.103381,"c(-77.1033833195945, 38.9649997971706)"
327,Rockville Metro West,39.084379,-77.146866,"c(-77.146868340746, 39.0843868197238)"
328,Bethesda Metro / Wisconsin Ave & Old Georgetown Rd,38.984691,-77.094537,"c(-77.0945393179374, 38.984698801508)"
329,Iwo Jima Memorial / Meade & 14th St N,38.88992,-77.071301,"c(-77.0713033050124, 38.8899277832549)"
330,34th & Water St NW,38.903663,-77.067668,"c(-77.0676703046619, 38.9036707864358)"
331,Duke St & John Carlyle St,38.804378,-77.060866,"c(-77.0608682969602, 38.8043857666989)"
332,Lee Hwy & N Cleveland St,38.894941,-77.09169,"c(-77.091692311884, 38.8949487839055)"
333,Arlington Blvd & S George Mason Dr,38.869442,-77.104503,"c(-77.1045053140799, 38.8694497783222)"
334,10th & G St NW,38.898243,-77.026235,"c(-77.0262372916103, 38.8982507867828)"
335,Lee Hwy & N Scott St,38.897612,-77.080851,"c(-77.0808533085032, 38.897619784849)"
336,New Hampshire Ave & 24th St NW,38.901755,-77.051084,"c(-77.0510862992853, 38.9017627865498)"
337,Eisenhower Ave & Mill Race Ln,38.801111,-77.068952,"c(-77.0689542988716, 38.8011187653689)"
338,Potomac Greens Dr & Slaters Ln,38.82175,-77.047494,"c(-77.0474962932087, 38.8217577704251)"
339,Ballenger Ave & Dulaney St,38.802677,-77.063562,"c(-77.063564297163, 38.8026847662736)"
340,Mount Vernon Ave & E Nelson Ave,38.820064,-77.057619,"c(-77.0576212966209, 38.8200717696575)"
341,Mount Vernon Ave & E Del Ray Ave,38.82595,-77.058541,"c(-77.0585432971364, 38.8259577713175)"
342,Monroe Ave & Leslie Ave,38.820932,-77.053096,"c(-77.0530982951755, 38.8209397701939)"
343,Mount Vernon Ave & Kennedy St,38.833077,-77.059821,"c(-77.0598232978557, 38.833084772693)"
344,Court House Metro / 15th St & N Uhle St,38.890612,-77.084801,"c(-77.0848033094159, 38.8906197828458)"
345,WAU / Flower Ave & Division St,38.986743,-77.000035,"c(-77.0000372884985, 38.9867508058315)"
346,Long Bridge Park / Long Bridge Dr & 6th St S,38.865553,-77.05003,"c(-77.0500322971841, 38.8655607792948)"
347,Connecticut Ave & McKinley St NW,38.964544,-77.075135,"c(-77.0751373109365, 38.9645517985329)"
348,15th & L St NW,38.90366,-77.034846,"c(-77.034848294748, 38.9036677875128)"
349,17th & G St NW,38.8983,-77.039732,"c(-77.0397342957008, 38.8983077864652)"
350,Spring St & 2nd Ave,38.997653,-77.034499,"c(-77.0345013002239, 38.9976608064959)"
351,18th & R St NW,38.912648,-77.041834,"c(-77.0418362975224, 38.9126557892464)"
352,Joyce St & 16th St S,38.859254,-77.063275,"c(-77.0632773003978, 38.8592617773359)"
353,Union Market,38.907908,-76.99707,"c(-76.9970722827967, 38.9079157897481)"
354,Lee Hwy & N Monroe St,38.896456,-77.104562,"c(-77.1045643159942, 38.8964637837305)"
355,21st St & N Pierce St,38.898984,-77.078317,"c(-77.0783193079673, 38.8989917851048)"
356,Lee Hwy & N Kirkwood Rd,38.895377,-77.09713,"c(-77.0971323132751, 38.895384783385)"
357,19th & G St NW,38.898412,-77.043182,"c(-77.0431842968889, 38.898419786451)"
358,2nd St & Seaton Pl NE,38.914751,-77.00356,"c(-77.0035622856789, 38.9147587910966)"
359,Wilson Blvd & N Illinois St,38.876528,-77.12712,"c(-77.1271223217838, 38.8765357784822)"
364,Army Navy Dr & S Nash St,38.86215,-77.068121,"c(-77.0681233020816, 38.8621577782272)"
365,31st & Water St NW,38.902814,-77.061043,"c(-77.061045302471, 38.9028217866093)"
367,11th & S St NW,38.913761,-77.027025,"c(-77.027027292824, 38.9137687900094)"
368,Walter Reed Dr & 8th St S,38.86612,-77.08787,"c(-77.0878723087492, 38.8661277778261)"
369,2nd & G St NE,38.89967,-77.003666,"c(-77.0036682849004, 38.899677788195)"
370,8th & O St NW,38.90864,-77.02277,"c(-77.0227722913078, 38.9086477892833)"
371,Georgia & Missouri Ave NW,38.961339,-77.027855,"c(-77.0278572959636, 38.9613467993984)"
373,Oklahoma Ave & D St NE,38.894474,-76.974828,"c(-76.9748302753092, 38.8944817880504)"
374,Maryland Ave & E St NE,38.896134,-76.9929,"c(-76.9929022811397, 38.8961417873739)"
375,New York Ave & Hecht Ave NE,38.915604,-76.983683,"c(-76.9836852796733, 38.915611792162)"
376,Yuma St & Tenley Circle NW,38.946182,-77.08059,"c(-77.0805923115796, 38.9461897942909)"
378,Key West Ave & Siesta Key Way,39.105295,-77.194774,"c(-77.1947763567601, 39.1053028222068)"
379,Lee Hwy & N Woodstock St,38.898301,-77.118009,"c(-77.1180113201662, 38.8983087831461)"
380,Saint Asaph St & Madison St,38.812718,-77.044097,"c(-77.0440992920859, 38.8127257688664)"
381,King St Metro North / Cameron St,38.80704,-77.059817,"c(-77.0598192963019, 38.8070477670976)"
382,Madison St & N Henry St,38.813485,-77.049468,"c(-77.0494702934999, 38.8134927686143)"
383,Medical Center Metro,38.999378,-77.097882,"c(-77.0978843201421, 38.9993858046625)"
384,Washington Blvd & N Frederick St,38.884829,-77.127671,"c(-77.1276733222916, 38.8848367803516)"
385,Wisconsin Ave & Ingomar St NW,38.958267,-77.084636,"c(-77.0846383131749, 38.9582747965884)"
386,16th & Irving St NW,38.928893,-77.03625,"c(-77.036252296385, 38.9289007923739)"
387,16th & R St NW,38.912652,-77.036278,"c(-77.0362802954183, 38.912659789435)"
388,Lyttonsville Rd & Lyttonsville Pl,38.999679,-77.051168,"c(-77.0511703059403, 38.9996868065619)"
389,Woodmont Ave & Strathmore St,38.979875,-77.093522,"c(-77.0935243172311, 38.9798828007875)"
390,14th & L St NW,38.903658,-77.031737,"c(-77.031739293703, 38.9036657875082)"
391,1st & O St NW,38.908643,-77.012365,"c(-77.0123672880288, 38.9086507892834)"
392,South Capitol & Atlantic St SW,38.831516,-77.008133,"c(-77.0081352816998, 38.8315237742679)"
393,18th & C St NW,38.893511,-77.041544,"c(-77.0415462961872, 38.8935187851897)"
394,22nd & P ST NW,38.909394,-77.048728,"c(-77.0487302990497, 38.9094017882501)"
395,East West Hwy & 16th St,38.995681,-77.038721,"c(-77.038723301385, 38.9956888062175)"
396,Royal St & Wilkes St,38.799267,-77.0447,"c(-77.0447022916329, 38.799274765982)"
397,14th & Girard St NW,38.925284,-77.032375,"c(-77.0323772953905, 38.9252917923178)"
398,Potomac Ave & Main Line Blvd,38.822738,-77.049265,"c(-77.0492672945055, 38.8227457707258)"
399,11th & O St NW,38.90843,-77.02714,"c(-77.0271422925994, 38.9084377889108)"
400,10th St & L'Enfant Plaza SW,38.884323,-77.02601,"c(-77.0260122909089, 38.8843307842191)"
401,Connecticut Ave & Yuma St NW,38.947156,-77.065115,"c(-77.0651173069991, 38.9471637954385)"
402,2nd St & Massachusetts Ave NE,38.894972,-77.003135,"c(-77.0031372842524, 38.8949797872662)"
403,Radford St & Osage St,38.828437,-77.086031,"c(-77.0860333058124, 38.8284447703515)"
404,East Falls Church Metro / Sycamore St & 19th St N,38.885321,-77.156427,"c(-77.1564293311206, 38.8853287792457)"
405,Kennebec St & 11th St N,38.880992,-77.135271,"c(-77.1352733246286, 38.8809997792136)"
406,Commonwealth Ave & Oak St,38.812711,-77.061715,"c(-77.0617172975296, 38.8127187683532)"
407,Commonwealth Ave & E Monroe Ave,38.820058,-77.062821,"c(-77.0628232978998, 38.8200657697905)"
408,4th St & Madison Dr NW,38.890493,-77.017253,"c(-77.0172552886805, 38.8905007857262)"
409,Henry Bacon Dr & Lincoln Memorial Circle NW,38.890544,-77.049379,"c(-77.0493812983125, 38.8905517845584)"
410,17th St & Independence Ave SW,38.888097,-77.038325,"c(-77.0383272948482, 38.8881047844357)"
411,Franklin St & S Washington St,38.798133,-77.0487,"c(-77.0487022924174, 38.7981407660227)"
412,Mount Vernon Ave & Four Mile Run Park,38.843422,-77.064016,"c(-77.0640183002586, 38.8434297743149)"
413,4th St & K St NW,38.902406,-77.016006,"c(-77.016008288382, 38.9024137882392)"
414,Mount Vernon Ave & Bruce St,38.841291,-77.063093,"c(-77.0630952992844, 38.841298773809)"
415,Lee Center,38.797557,-77.053766,"c(-77.0537682942655, 38.7975647656987)"
416,Powhatan St & Bashford Ln,38.818748,-77.047783,"c(-77.0477852935404, 38.8187557702339)"
417,Potomac Ave & Swann Ave,38.829545,-77.047844,"c(-77.0478462941921, 38.8295527719365)"
418,14th & Irving St NW,38.928552,-77.032224,"c(-77.0322262953903, 38.9285597928261)"
419,Vermont Ave & I St NW,38.901136,-77.034451,"c(-77.0344532946549, 38.9011437872397)"
420,Wisconsin Ave & Brandywine St NW,38.949813,-77.080217,"c(-77.0802193117242, 38.9498207954608)"
421,24th & R St NE / National Arboretum,38.91263,-76.971923,"c(-76.9719252754183, 38.9126377919453)"
422,Division Ave & Foote St NE,38.897407,-76.925907,"c(-76.9259092605865, 38.8974147906598)"
423,16th & Q St SE / Anacostia HS,38.870695,-76.982359,"c(-76.9823612765241, 38.8707027827969)"
424,Spring Hill Metro,38.929261,-77.240654,"c(-77.2406563602545, 38.9292687852348)"
425,Westpark Dr & Leesburg Pike,38.92403,-77.235955,"c(-77.2359573583357, 38.9240377843289)"
427,Tysons One Pl & Chain Bridge Rd,38.919475,-77.221179,"c(-77.2211813537099, 38.9194827839523)"
428,Tysons Corner Station,38.920939,-77.222115,"c(-77.2221173541538, 38.9209467842609)"
429,Westpark & Jones Branch Dr,38.924437,-77.217664,"c(-77.2176663527152, 38.9244447851161)"
430,Jones Branch & Westbranch Dr,38.931911,-77.219261,"c(-77.2192633540607, 38.9319187863781)"
431,Westpark & Park Run Dr,38.928919,-77.225394,"c(-77.2253963551716, 38.9289267855913)"
432,Tysons West Transit Center,38.932636,-77.231825,"c(-77.2318273574588, 38.9326437862948)"
433,North Shore & Cameron Crescent Dr/Crescent Apartments,38.970046,-77.338686,"c(-77.3386883929484, 38.9700537895907)"
434,Town Center Pkwy & Bowman Towne Dr,38.962524,-77.361902,"c(-77.3619043996846, 38.962531787176)"
435,Reston Regional Library,38.962095,-77.358815,"c(-77.358817398961, 38.9621027871863)"
436,New Dominion Pkwy & Fountain Dr,38.960574,-77.356324,"c(-77.3563263979058, 38.9605817868145)"
437,Sunset Hills & Old Reston Ave,38.955079,-77.351649,"c(-77.3516513960137, 38.9550867858888)"
438,Reston Town Center Transit Station,38.957037,-77.359718,"c(-77.359720399153, 38.9570447859685)"
439,1st & D St SE,38.884916,-77.005965,"c(-77.0059672844508, 38.8849237851578)"
440,Wiehle Ave & Reston Station Blvd,38.9492,-77.3368,"c(-77.3368023915649, 38.949207785519)"
441,Library St & Freedom Dr,38.959633,-77.358741,"c(-77.3587433989796, 38.9596407869356)"
442,Sunset Hills Rd & Discovery Square,38.95534,-77.357611,"c(-77.3576133984017, 38.9553477859561)"
443,22nd St & Constitution Ave NW,38.892441,-77.048947,"c(-77.0489492979615, 38.8924487850817)"
444,61st St & Banks Pl NE,38.891805,-76.913563,"c(-76.9135652560064, 38.89181278968)"
445,Temporary Rd & Old Reston Ave,38.960084,-77.353414,"c(-77.3534163969431, 38.9600917868177)"
446,Reston YMCA,38.955314,-77.368416,"c(-77.3684184015138, 38.9553217857509)"
447,Sunset Hills Rd & Isaac Newton Square,38.951443,-77.340377,"c(-77.3403793925229, 38.9514507857922)"
448,N Lynn St & Fairfax Dr,38.89386,-77.070862,"c(-77.0708643050521, 38.8938677842706)"
449,Georgia Ave & Piney Branch Rd NW,38.967505,-77.027976,"c(-77.0279782960392, 38.9675128006852)"
450,Greensboro & International Dr,38.923083,-77.227417,"c(-77.2274193554297, 38.9230907843623)"
451,Madison St & Fairfax St,38.812351,-77.040691,"c(-77.0406932906741, 38.8123587692167)"
452,Sligo Ave & Carroll Ln,38.990874,-77.016311,"c(-77.0163132944786, 38.9908818059442)"
453,15th & W St NW,38.919086,-77.034502,"c(-77.0345042954823, 38.9190937908584)"
454,12th St & Pennsylvania Ave SE,38.882489,-76.990121,"c(-76.9901232793601, 38.8824967848828)"
455,3rd St & Riggs Rd NE,38.957463,-77.002239,"c(-77.0022412877715, 38.957470799634)"
469,3rd & Underwood St NW,38.968834,-77.016258,"c(-77.0162602926119, 38.9688418011669)"
470,18th & Monroe St NE,38.93293,-76.979517,"c(-76.9795192789556, 38.9329377957199)"
471,7th & E St SW,38.88345,-77.021741,"c(-77.0217432892123, 38.8834577838959)"
472,Shady Grove Metro East,39.121327,-77.164969,"c(-77.1649713486616, 39.1213348264955)"
473,Potomac & M St NW,38.905368,-77.065149,"c(-77.0651513043082, 38.9053757867544)"
474,Columbia & Ontario Rd NW,38.924088,-77.040787,"c(-77.0407892977422, 38.924095791778)"
475,Washington-Liberty High School / N Stafford St & Generals Way,38.888282,-77.111066,"c(-77.1110683174677, 38.8882897814874)"
476,Westover Library / Washington Blvd & N McKinley Rd,38.886048,-77.142317,"c(-77.1423193271051, 38.886055780257)"
477,Columbia Pike & S Taylor St,38.858524,-77.103728,"c(-77.1037303131225, 38.8585317760534)"
478,Columbus Ave & Tribeca St,39.126,-77.1673,"c(-77.167302349351, 39.1260078275446)"
479,Columbus Ave & Gramercy Blvd,39.12333,-77.16486,"c(-77.1648623485311, 39.1233378268226)"
480,Reston Pkwy & Spectrum Dr,38.964208,-77.35428,"c(-77.3542823975913, 38.9642157878997)"
481,Key West Ave & Great Seneca Hwy,39.105642,-77.20386,"c(-77.2038623595355, 39.1056498220748)"
482,Virginia Ave & 25th St NW,38.8995,-77.054155,"c(-77.0541573001392, 38.8995077861074)"
483,15th & M St NW,38.905424,-77.034674,"c(-77.0346762947224, 38.9054317880538)"
484,11th & Girard St NW,38.925636,-77.027112,"c(-77.0271142934944, 38.9256437920656)"
485,Connecticut Ave & R St NW,38.912644,-77.04564,"c(-77.0456422981727, 38.9126517891949)"
486,Wilson Blvd & N Troy St,38.892556,-77.082089,"c(-77.0820913089801, 38.8925637834938)"
487,American University East Campus,38.936298,-77.087128,"c(-77.0871303129579, 38.9363057924537)"
488,15th St & Constitution Ave NW,38.892244,-77.033234,"c(-77.0332362936518, 38.8922517856289)"
489,22nd & H St NW,38.899104,-77.048946,"c(-77.0489482985431, 38.8991117863139)"
490,23rd & M St NW,38.905303,-77.050264,"c(-77.0502662993103, 38.9053107870925)"
491,Corporate Blvd & Omega Dr,39.106971,-77.192645,"c(-77.1926473566107, 39.1069788223138)"
492,Key West Ave & Diamondback Dr,39.106152,-77.202354,"c(-77.2023563593371, 39.1061598219896)"
493,Alabama Ave & Stanton Rd SE / Shops at Park Village,38.84627,-76.98185,"c(-76.9818522744312, 38.8462777780968)"
494,Mississippi Ave & 19th St SE / THEARC,38.84377,-76.97557,"c(-76.9755722727089, 38.8437777775708)"
495,19th & Savannah St SE,38.84623,-76.97703,"c(-76.9770322731235, 38.8462377780928)"
496,4th St & Mississippi Ave SE,38.836,-77.0009,"c(-77.0009022796872, 38.8360077749951)"
497,1st & S Capitol St SE / Oxon Run Trail,38.824481,-77.005497,"c(-77.0054992805433, 38.8244887725971)"
498,Livingston Rd & 3rd St SE,38.82373,-77.00223,"c(-77.0022322794269, 38.8237377728264)"
499,Joliet St & MLK Ave SW/Bald Eagle Rec Ctr,38.81909,-77.01033,"c(-77.0103322815943, 38.8190977713695)"
456,Carlin Springs Rd & N Thomas St,38.876695,-77.112982,"c(-77.1129843172005, 38.8767027790829)"
457,Towers Crescent Dr & Tysons One Pl,38.915246,-77.220157,"c(-77.220159352887, 38.9152537831606)"
458,6th & K St NE,38.902351,-76.998389,"c(-76.9983912833001, 38.9023587887752)"
459,Pooks Hill Rd & Linden Ave,39.014716,-77.107143,"c(-77.1071453238963, 39.0147238074147)"
460,Takoma Park Rec Center,38.98265,-76.988311,"c(-76.9883132848082, 38.9826578053014)"
461,New Hampshire & Kirklynn Ave,38.988101,-76.988422,"c(-76.988424285508, 38.9881088062618)"
462,Wheaton Metro / Georgia Ave & Reedie Dr,39.038341,-77.051023,"c(-77.0510253080865, 39.0383488139607)"
463,Amherst Ave & Elkins St,39.044887,-77.047788,"c(-77.047790307363, 39.0448948152792)"
464,Amherst Ave & Prichard Rd,39.035965,-77.048395,"c(-77.0483973068495, 39.0359728136767)"
465,Grandview & Blueridge Ave,39.043272,-77.053085,"c(-77.0530873090749, 39.043279814873)"
466,Windham Ln & Amherst Ave,39.032029,-77.04735,"c(-77.0473523067398, 39.0320368128798)"
467,North Shore Dr & Village Rd,38.970412,-77.340787,"c(-77.3407893939859, 38.9704197893448)"
468,Town Center Pkwy & Sunset Hills Rd,38.955171,-77.363094,"c(-77.3630964002345, 38.9551787854817)"
500,37th & Ely Pl SE,38.883011,-76.949709,"c(-76.9497112667814, 38.8830187865905)"
501,15th St & Pennsylvania Ave NW,38.89635,-77.03338,"c(-77.0333822939087, 38.8963577860817)"
505,Maine Ave & 9th St SW,38.88044,-77.025236,"c(-77.0252382900885, 38.880447783409)"
506,Lincoln Rd & Seaton Pl NE/Harry Thomas Rec Center,38.915,-77.0078,"c(-77.0078022869373, 38.9150077908763)"
507,Blueridge Ave & Elkin St,39.04313,-77.05006,"c(-77.0500623078921, 39.0431378152464)"
508,Georgia Ave & Kennedy St NW,38.95674,-77.02791,"c(-77.0279122954477, 38.9567477984054)"
509,7th St & Massachusetts Ave NE,38.89222,-76.99602,"c(-76.9960222816458, 38.8922277867917)"
510,Anacostia Park,38.87335,-76.9834,"c(-76.9834022764236, 38.8733577831254)"
511,Twinbrook Metro,39.062041,-77.120776,"c(-77.1207783308827, 39.062048816156)"
512,White Flint Metro,39.04753,-77.11287,"c(-77.1128723281004, 39.0475378136627)"
513,Citadel Ave & McGrath Blvd,39.049,-77.10933,"c(-77.1093323267956, 39.0490078142699)"
514,Rockville Pike & Old Georgetown Rd,39.049765,-77.11368,"c(-77.113682328414, 39.0497728142451)"
515,Woodglen Dr & Executive Blvd,39.04317,-77.1135,"c(-77.1135023276639, 39.0431778127011)"
516,Executive Blvd & E Jefferson St,39.04873,-77.1257,"c(-77.1257023321212, 39.0487378132937)"
517,Fishers Ln & Rock Creek Mill Rd,39.0629,-77.113454,"c(-77.1134563291144, 39.0629078166413)"
518,Congressional Ln & E Jefferson St,39.06219,-77.129235,"c(-77.1292373336464, 39.0621978161268)"
519,Garland Ave & Walden Rd,39.00048,-77.00077,"c(-77.0007722898697, 39.0004878085354)"
520,Greensboro & Pinnacle Dr,38.92245,-77.23034,"c(-77.2303423567331, 38.9224577842825)"
521,1301 McCormick Dr / Wayne K. Curry Admin Bldg,38.908391,-76.843263,"c(-76.8432652349909, 38.9083987956487)"
522,Largo Town Center Metro,38.899811,-76.844604,"c(-76.8446062350408, 38.8998187939134)"
523,Baltimore Ave & Van Buren St / Riverdale Park Station,38.969581,-76.937349,"c(-76.937351268052, 38.9695888044448)"
524,Baltimore Ave & Jefferson St,38.95548,-76.940133,"c(-76.9401352680138, 38.9554878014826)"
525,Perry & 35th St,38.936213,-76.960054,"c(-76.9600562734481, 38.9362207970121)"
526,Rockville Pike & Meeting St,39.050539,-77.115212,"c(-77.1152143283578, 39.0505468143899)"
527,Potomac Ave & Half St SW,38.870201,-77.010837,"c(-77.0108392849742, 38.870208781848)"
529,Crystal Dr & Potomac Ave,38.848304,-77.05122,"c(-77.0512222966562, 38.8483117760723)"
530,Largo Rd & Campus Way / Prince Georges's Comm Col,38.88994,-76.825535,"c(-76.8255372287323, 38.889947792669)"
531,Stanton Square SE,38.855004,-76.984512,"c(-76.98451427631, 38.8550117795473)"
532,14th & Newton St NW,38.931991,-77.032956,"c(-77.0329582955788, 38.9319987933856)"
533,48th Pl & MacArthur Blvd NW,38.917304,-77.09629,"c(-77.0962923146216, 38.9173117883228)"
534,14th & Luzon St NW,38.969489,-77.033509,"c(-77.0335112979729, 38.9694968010986)"
535,1st & M St SE,38.876893,-77.006072,"c(-77.0060742841988, 38.8769007831048)"
536,Fleet St & Waterfront St,38.782633,-77.016059,"c(-77.0160612813251, 38.7826407641051)"
537,Oxon Hill Park & Ride,38.798749,-77.00103,"c(-77.0010322777468, 38.7987567678078)"
538,11th & Park Rd NW,38.931942,-77.028357,"c(-77.0283592945848, 38.9319497937479)"
539,4th & M St SE,38.876751,-77.000736,"c(-77.0007382825865, 38.8767587835154)"
540,Kansas Ave & Sherman Cr NW,38.948057,-77.021467,"c(-77.0214692934908, 38.9480647968271)"
541,Campus Commons,38.944707,-77.335425,"c(-77.3354273908042, 38.9447147844794)"
542,Park Run & Onyx Dr,38.92755,-77.226644,"c(-77.2266463558563, 38.9275577853151)"
543,7th & K St NW,38.902674,-77.021392,"c(-77.0213942904667, 38.9026817876933)"
544,King Greenleaf Rec Center,38.876211,-77.012443,"c(-77.0124452862214, 38.8762187830054)"
545,Montello Ave & Holbrook Terr NE,38.907444,-76.986813,"c(-76.9868152795537, 38.907451790106)"
546,New Jersey Ave & F St NW,38.897108,-77.011616,"c(-77.0116182867773, 38.8971157872068)"
547,Maryland Ave & 17th St NE,38.901935,-76.978627,"c(-76.9786292770093, 38.901942789399)"
548,Massachusetts Ave & 6th St NE,38.892934,-76.998273,"c(-76.9982752824921, 38.8929417867696)"
549,Woodley Park Metro / Calvert St & Connecticut Ave NW,38.923389,-77.051833,"c(-77.0518353012993, 38.9233967908168)"